NDWI,FloodRisk
-0.303,0.077
-0.238,0.031
-0.381,-0.007
-0.261,0.099
-0.304,-0.072
-0.225,0.116
-0.306,-0.015
-0.45,-0.073
-0.389,-0.005
-0.501,-0.068
-0.303,0.077
-0.32,-0.073
-0.675,-0.169
-0.35,0.054
-0.681,-0.154
-0.684,-0.17
-0.301,0.078
-0.29,0.084
-0.501,-0.087
-0.605,-0.116
-0.364,0.047
-0.478,-0.064
-0.394,0.032
-0.505,-0.089
-0.693,-0.117
-0.498,-0.093
-0.711,-0.139
-0.367,0.045
-0.335,0.062
-0.48,-0.011
-0.412,0.023
-0.354,0.052
-0.377,0.041
-0.483,-0.065
-0.382,-0
-0.471,-0.095
-0.337,0.06
-0.686,-0.145
-0.531,-0.076
-0.317,0.053
-0.297,0.007
-0.44,0.009
-0.377,0.04
-0.399,0.03
-0.556,-0.058
-0.43,-0.018
-0.423,-0.035
-0.511,-0.026
-0.346,0.056
-0.316,0.071
0.079,0.269
0.145,0.301
-0.487,-0.029
0.129,0.293
0.133,0.296
-0.751,-0.183
-0.503,-0.076
-0.273,0.06
-0.306,0.04
-0.374,0.042
-0.292,0.083
-0.442,0.008
-0.369,0.044
-0.735,-0.202
-0.281,0.036
-0.318,0.07
-0.303,0.078
-0.322,0.068
-0.363,0.048
-0.394,0.032
-0.339,0.059
-0.694,-0.171
-0.17,0.098
-0.252,0.034
-0.281,0.088
-0.29,0.084
-0.352,0.053
-0.417,0.02
-0.753,-0.205
-0.745,-0.198
-0.069,0.141
-0.275,0.052
-0.369,0.045
-0.32,0.069
-0.302,0.078
-0.33,0.064
-0.351,0.054
-0.734,-0.164
-0.449,-0.044
-0.278,0.062
-0.386,0.036
-0.301,0.079
-0.349,0.054
-0.251,0.103
-0.293,0.082
-0.293,0.082
-0.345,0.057
-0.356,0.051
-0.668,-0.137
-0.759,-0.204
-0.686,-0.151
-0.738,-0.168
-0.743,-0.173
-0.723,-0.144
-0.264,0.043
-0.263,0.098
-0.305,0.077
-0.358,0.05
-0.33,0.064
-0.544,-0.043
-0.295,0.034
-0.491,-0.047
-0.734,-0.205
-0.744,-0.222
-0.717,-0.178
-0.731,-0.176
-0.735,-0.147
-0.262,0.045
-0.446,-0.067
-0.353,-0.019
-0.287,0.003
-0.253,0.103
-0.32,0.069
-0.371,-0.048
-0.436,-0.087
-0.712,-0.181
-0.733,-0.143
-0.749,-0.197
-0.722,-0.202
-0.298,0.052
-0.384,0.019
-0.374,-0.02
-0.356,0.051
-0.326,0.066
-0.374,0.042
-0.323,0.068
-0.243,0.062
-0.262,0.05
-0.718,-0.173
-0.75,-0.198
-0.73,-0.206
-0.28,0.054
-0.24,-0.01
-0.258,0.051
-0.28,0.05
-0.27,0.068
-0.296,0.081
-0.234,0.112
-0.4,0.029
-0.37,0.017
-0.342,0.029
-0.364,-0.03
-0.716,-0.181
-0.723,-0.175
-0.328,-0.003
-0.22,0.086
-0.245,0.07
-0.315,0.002
-0.245,0.042
-0.147,0.112
-0.26,0.022
-0.28,0.022
-0.31,0.031
-0.305,-0.025
-0.325,-0
-0.695,-0.17
-0.724,-0.172
-0.713,-0.194
-0.71,-0.16
-0.721,-0.159
-0.727,-0.2
-0.301,0.039
-0.344,-0.01
-0.299,0.023
-0.06,0.074
-0.26,0.099
-0.363,-0.001
-0.375,0.009
-0.478,-0.09
-0.697,-0.153
-0.725,-0.187
-0.699,-0.167
-0.382,0.029
-0.298,0.016
-0.261,0.069
-0.252,0.046
-0.495,-0.019
-0.332,0.063
-0.347,-0.066
-0.344,-0
-0.33,-0.019
-0.343,0.058
-0.421,-0.012
-0.536,-0.137
-0.406,-0.057
-0.374,-0.052
-0.526,-0.088
-0.495,-0.072
-0.274,0.086
-0.301,0.036
-0.422,-0.021
-0.338,0.03
-0.285,-0.012
-0.306,0.076
-0.303,0.048
-0.571,-0.148
-0.437,-0.026
-0.574,-0.089
-0.382,-0.04
-0.275,0.003
-0.305,0.023
-0.3,0.008
-0.376,-0.002
-0.317,0.031
-0.395,-0.031
-0.327,0.016
-0.238,0.045
-0.268,0.061
-0.436,-0.016
0.091,0.221
-0.02,0.108
-0.53,-0.036
-0.326,0.033
-0.265,0.07
-0.374,-0.095
-0.426,-0.011
-0.603,-0.122
-0.487,-0.074
-0.39,0.01
-0.349,0.018
-0.449,-0.022
-0.355,0.046
-0.379,0.01
-0.326,0.028
-0.287,0.042
-0.215,0.06
-0.258,0.06
-0.236,0.054
-0.364,0.012
-0.483,-0.105
-0.327,-0.038
-0.552,-0.152
-0.472,-0.114
-0.422,-0.052
-0.393,-0.037
-0.52,-0.057
-0.416,-0.03
-0.353,0.012
-0.307,0.048
-0.219,0.04
-0.239,0.064
-0.23,0.102
-0.218,0.063
-0.227,0.041
-0.26,0.001
-0.282,0.056
-0.545,-0.086
-0.545,-0.103
-0.462,-0.042
-0.351,0.029
-0.357,-0.002
-0.308,0.024
-0.303,0.023
-0.221,0.022
-0.235,0.016
-0.23,0.037
-0.226,0.087
-0.225,0.084
-0.329,0.011
-0.279,0.065
-0.214,0.066
-0.25,0.059
-0.307,0.025
-0.248,0.081
-0.258,0.076
-0.317,0.04
-0.274,0.07
-0.274,0.055
-0.383,-0.025
-0.474,-0.094
-0.322,0.014
-0.408,0.016
-0.241,0.047
-0.274,0.038
-0.408,-0.047
-0.422,-0.01
-0.342,0.019
-0.216,0.07
-0.252,0.094
-0.258,0.049
-0.245,0.052
-0.229,0.058
-0.274,0.061
-0.317,-0.002
-0.337,0.027
-0.24,0.039
-0.449,-0.112
-0.252,0.039
-0.258,0.046
-0.22,0.07
-0.264,0.04
-0.325,-0.009
-0.231,0.077
-0.386,0.027
-0.483,-0.049
-0.425,-0.016
-0.294,0.015
-0.263,0.058
-0.317,0.023
-0.231,0.035
-0.254,0.059
-0.231,0.08
-0.266,0.07
-0.274,0.041
-0.448,-0.055
-0.277,0.055
-0.253,0.073
-0.207,0.076
-0.193,0.102
-0.202,0.072
-0.229,0.087
-0.325,0.034
-0.35,0.019
-0.411,-0.045
-0.242,0.032
-0.268,0.052
-0.339,0.012
-0.22,0.116
-0.362,0.016
-0.42,-0.01
-0.342,0.004
-0.369,0.014
-0.305,0.047
-0.368,0.014
-0.182,0.098
-0.718,-0.162
-0.716,-0.169
-0.279,0.014
-0.384,-0.005
-0.287,0.008
-0.232,0.05
-0.249,0.051
-0.238,0.084
-0.239,0.067
-0.233,0.046
-0.533,-0.077
-0.525,-0.082
-0.499,-0.067
-0.387,0.011
-0.289,0.02
-0.452,-0.051
-0.528,-0.062
-0.658,-0.163
-0.722,-0.162
-0.711,-0.173
-0.572,-0.096
-0.245,0.079
-0.25,0.037
-0.313,0.043
-0.274,0.039
-0.22,0.083
-0.237,0.074
-0.364,0.004
-0.226,0.076
-0.19,0.077
-0.386,-0.01
-0.493,-0.065
-0.213,0.042
-0.182,0.054
-0.202,0.102
-0.284,0.039
-0.563,-0.095
-0.699,-0.16
-0.387,-0.032
-0.273,0.044
-0.245,0.056
-0.232,0.078
-0.225,0.047
-0.266,0.026
-0.048,0.127
0.158,0.233
-0.178,0.113
-0.209,0.065
-0.544,-0.078
-0.306,0.017
-0.298,0.019
-0.291,-0.003
-0.734,-0.189
-0.211,0.084
-0.305,0.025
-0.314,0.032
-0.183,0.107
-0.235,0.081
-0.629,-0.157
-0.725,-0.176
-0.238,0.042
-0.725,-0.196
-0.728,-0.214
-0.702,-0.175
-0.256,0.053
-0.262,0.05
-0.364,0.005
-0.244,0.071
-0.242,0.071
-0.289,0.02
-0.232,0.027
-0.225,0.003
-0.258,0.007
-0.276,0.066
-0.356,0.036
-0.299,0.023
-0.625,-0.126
-0.162,0.049
-0.721,-0.181
-0.728,-0.172
-0.586,-0.116
-0.587,-0.1
-0.404,-0.037
-0.243,0.077
-0.249,0.05
-0.665,-0.158
-0.612,-0.153
-0.264,0.043
-0.287,0.033
-0.382,-0.004
-0.324,0.031
-0.408,-0.009
-0.223,0.085
-0.246,0.055
-0.242,0.06
-0.324,0.022
-0.148,0.101
-0.181,0.082
-0.575,-0.129
-0.688,-0.199
-0.414,-0.008
-0.307,0.04
-0.295,0.039
-0.338,0.003
-0.738,-0.194
-0.731,-0.241
-0.667,-0.15
-0.628,-0.131
-0.254,0.09
-0.239,0.077
-0.263,0.041
-0.239,0.014
-0.252,0.048
-0.262,0.009
-0.241,0.072
-0.612,-0.154
-0.201,0.064
-0.282,0.059
-0.462,-0.055
-0.366,0.01
-0.729,-0.182
-0.291,0.062
-0.378,0.003
-0.404,-0.01
-0.5,-0.054
-0.199,0.09
-0.184,0.058
-0.177,0.056
-0.537,-0.096
-0.596,-0.118
-0.471,-0.061
-0.673,-0.143
-0.412,-0.056
-0.403,-0.012
-0.677,-0.148
-0.667,-0.156
-0.632,-0.15
-0.632,-0.124
-0.448,-0.001
-0.345,0.023
-0.265,0.06
-0.221,0.082
-0.243,0.055
-0.287,0.05
-0.709,-0.193
-0.241,0.038
-0.245,0.04
-0.51,-0.083
-0.736,-0.164
-0.348,0.009
-0.506,-0.03
-0.599,-0.104
-0.232,0.038
-0.633,-0.121
-0.433,-0.024
-0.684,-0.168
-0.545,-0.062
-0.606,-0.104
-0.693,-0.171
-0.289,0.06
-0.256,0.051
-0.283,0.036
-0.656,-0.145
-0.527,-0.08
-0.336,0.008
-0.317,0.038
-0.738,-0.188
-0.295,0.032
-0.364,-0.052
-0.307,0.036
-0.289,0.015
-0.428,-0.02
-0.656,-0.148
-0.212,0.024
-0.588,-0.193
-0.704,-0.135
-0.323,0.028
-0.252,0.038
-0.224,0.056
-0.298,0.032
-0.592,-0.153
-0.358,-0.007
-0.666,-0.134
-0.734,-0.208
-0.715,-0.183
-0.232,0.063
-0.207,0.055
-0.177,0.11
-0.218,0.089
-0.22,0.07
-0.363,-0.004
-0.295,0.042
-0.227,0.079
-0.744,-0.259
-0.748,-0.205
-0.707,-0.177
-0.296,-0.002
-0.278,0.007
-0.327,0.018
-0.382,0.007
-0.184,0.101
-0.36,0.016
-0.683,-0.269
-0.512,-0.143
-0.196,0.103
-0.571,-0.113
-0.669,-0.151
-0.296,0.038
-0.241,0.043
-0.323,0.037
-0.394,-0.038
-0.738,-0.194
-0.72,-0.194
-0.604,-0.088
-0.704,-0.177
-0.423,-0.046
-0.401,-0.005
-0.351,0.005
-0.22,0.07
-0.676,-0.137
-0.481,-0.066
-0.727,-0.164
-0.7,-0.156
-0.516,-0.145
-0.48,-0.099
-0.603,-0.148
-0.657,-0.145
-0.263,0.071
-0.272,0.069
-0.285,0.053
-0.491,-0.056
-0.76,-0.216
-0.733,-0.195
-0.656,-0.146
-0.502,-0.049
-0.524,-0.062
-0.473,-0.035
-0.247,0.078
-0.298,0.037
-0.292,0.009
-0.335,0.008
-0.428,-0.048
-0.667,-0.161
-0.696,-0.168
-0.616,-0.119
-0.299,0.049
-0.639,-0.147
-0.483,-0.022
-0.361,0.021
-0.271,0.047
-0.292,0.05
-0.312,0.04
-0.399,-0.043
-0.595,-0.15
-0.755,-0.192
-0.748,-0.199
-0.709,-0.198
-0.708,-0.166
-0.696,-0.229
-0.346,-0.018
-0.299,0.033
-0.264,0.021
-0.328,-0.012
-0.337,0.014
-0.367,-0.028
-0.36,0.009
-0.45,-0.041
-0.321,-0.032
-0.587,-0.098
-0.527,-0.064
-0.28,0.059
-0.317,0.04
-0.446,-0.016
-0.351,-0.027
-0.715,-0.177
-0.716,-0.163
-0.621,-0.12
-0.724,-0.188
-0.659,-0.147
-0.714,-0.169
-0.565,-0.126
-0.656,-0.105
-0.688,-0.212
-0.217,0.091
-0.279,0.032
-0.323,0.003
-0.251,0.039
-0.665,-0.134
-0.572,-0.096
-0.429,-0.025
-0.654,-0.131
-0.715,-0.175
-0.621,-0.124
-0.631,-0.089
-0.583,-0.102
-0.566,-0.084
-0.645,-0.158
-0.645,-0.152
-0.731,-0.218
-0.743,-0.229
-0.742,-0.178
-0.703,-0.236
-0.575,-0.131
-0.518,-0.068
-0.687,-0.158
-0.328,0
-0.286,0.015
-0.462,-0.1
-0.639,-0.18
-0.579,-0.12
-0.63,-0.132
-0.729,-0.178
-0.361,-0.001
-0.567,-0.106
-0.595,-0.105
-0.715,-0.182
-0.711,-0.183
-0.355,0.005
-0.729,-0.202
-0.716,-0.194
-0.724,-0.168
-0.679,-0.164
-0.714,-0.161
-0.712,-0.21
-0.68,-0.212
-0.709,-0.162
-0.665,-0.158
-0.6,-0.198
-0.226,0.087
-0.399,-0.025
-0.452,-0.051
-0.443,-0.004
-0.315,0.065
-0.566,-0.132
-0.427,-0.049
-0.604,-0.13
-0.419,0.005
-0.679,-0.141
-0.391,-0.002
-0.649,-0.149
-0.581,-0.071
-0.296,0.017
-0.461,-0.041
-0.297,0.037
-0.512,-0.056
-0.748,-0.189
-0.761,-0.237
-0.746,-0.15
-0.713,-0.203
-0.645,-0.153
-0.683,-0.121
-0.654,-0.135
-0.665,-0.176
-0.303,0.018
-0.607,-0.177
-0.562,-0.087
-0.722,-0.163
-0.246,0.069
-0.302,0.066
-0.353,-0.03
-0.191,0.095
-0.473,-0.114
-0.353,0.006
-0.658,-0.146
-0.658,-0.133
-0.692,-0.149
-0.448,-0.041
-0.758,-0.188
-0.674,-0.178
-0.654,-0.158
-0.71,-0.196
-0.597,-0.103
-0.297,0.022
-0.58,-0.116
-0.419,-0.186
-0.652,-0.207
-0.614,-0.172
-0.698,-0.181
-0.661,-0.178
-0.514,-0.107
-0.519,-0.064
-0.653,-0.109
-0.592,-0.079
-0.407,-0.027
-0.341,-0.043
-0.647,-0.131
-0.697,-0.159
-0.707,-0.154
-0.66,-0.143
-0.751,-0.261
-0.746,-0.153
-0.724,-0.157
-0.744,-0.18
-0.73,-0.225
-0.72,-0.18
-0.709,-0.188
-0.632,-0.16
-0.728,-0.177
-0.616,-0.15
-0.713,-0.164
-0.708,-0.176
-0.655,-0.16
-0.729,-0.194
-0.443,-0.049
-0.602,-0.124
-0.497,-0.09
-0.475,-0.078
-0.736,-0.198
-0.519,-0.093
-0.712,-0.184
-0.405,-0.065
-0.727,-0.209
-0.671,-0.137
-0.468,-0.023
-0.322,0.011
-0.335,0.062
-0.621,-0.162
-0.545,-0.09
-0.715,-0.162
-0.67,-0.155
-0.676,-0.185
-0.58,-0.103
-0.719,-0.182
-0.274,-0.011
-0.731,-0.169
-0.718,-0.184
-0.737,-0.155
-0.746,-0.223
-0.719,-0.164
-0.737,-0.17
-0.709,-0.206
-0.714,-0.173
-0.707,-0.158
-0.449,-0.082
-0.594,-0.108
-0.337,0.008
-0.333,0.005
-0.701,-0.2
-0.541,-0.109
-0.446,-0.073
-0.588,-0.164
-0.372,-0.054
-0.631,-0.141
-0.541,-0.11
-0.38,-0.013
-0.476,-0.037
-0.28,0.043
-0.662,-0.194
-0.736,-0.176
-0.717,-0.162
-0.364,0.016
-0.637,-0.156
-0.264,0.03
-0.468,-0.066
-0.638,-0.12
-0.708,-0.187
-0.653,-0.137
-0.62,-0.134
-0.637,-0.122
-0.747,-0.178
-0.75,-0.183
-0.605,-0.11
-0.704,-0.209
-0.72,-0.22
-0.693,-0.192
-0.207,0.092
-0.358,-0.029
-0.531,-0.154
-0.419,-0.032
-0.612,-0.14
-0.134,0.048
-0.627,-0.195
-0.345,-0.024
-0.218,0.086
-0.628,-0.13
-0.706,-0.153
-0.328,0.007
-0.256,0.056
-0.697,-0.177
-0.684,-0.153
-0.522,-0.063
-0.684,-0.15
-0.573,-0.112
-0.654,-0.164
-0.713,-0.18
-0.723,-0.145
-0.741,-0.191
-0.731,-0.164
-0.685,-0.247
-0.393,-0.019
-0.295,0.025
-0.599,-0.085
-0.59,-0.155
-0.588,-0.107
-0.461,-0.118
-0.275,0.016
-0.449,-0.048
-0.684,-0.15
-0.731,-0.241
-0.291,0.03
-0.253,0.069
-0.223,0.091
-0.608,-0.102
-0.459,-0.056
-0.658,-0.173
-0.719,-0.142
-0.733,-0.146
-0.549,-0.085
-0.707,-0.158
-0.714,-0.167
-0.709,-0.161
-0.718,-0.187
-0.297,0.044
-0.68,-0.171
-0.721,-0.205
-0.283,0.009
-0.491,-0.067
-0.536,-0.084
-0.723,-0.174
-0.238,0.064
-0.447,-0.042
-0.338,0.023
-0.493,-0.085
-0.53,-0.119
-0.599,-0.128
-0.708,-0.164
-0.21,0.115
-0.171,0.071
-0.354,0.009
-0.662,-0.156
-0.705,-0.166
-0.685,-0.173
-0.686,-0.132
-0.645,-0.112
-0.737,-0.176
-0.654,-0.168
-0.401,-0.005
-0.419,-0.053
-0.575,-0.134
-0.711,-0.18
-0.732,-0.164
-0.515,-0.075
-0.21,0.093
-0.367,-0
-0.683,-0.146
-0.332,0.009
-0.295,0.027
-0.249,0.093
-0.249,0.105
-0.275,0.086
-0.262,0.072
-0.714,-0.146
-0.695,-0.171
-0.627,-0.145
-0.585,-0.103
-0.693,-0.154
-0.741,-0.171
-0.692,-0.154
-0.641,-0.173
-0.721,-0.165
-0.561,-0.103
-0.683,-0.18
-0.135,0.146
-0.488,-0.074
-0.558,-0.144
-0.463,-0.067
-0.621,-0.137
-0.751,-0.264
-0.323,0.013
-0.159,0.1
-0.248,0.069
-0.677,-0.143
-0.585,-0.075
-0.475,-0.044
-0.383,0.019
-0.624,-0.163
-0.702,-0.176
-0.729,-0.214
-0.586,-0.101
-0.67,-0.135
-0.544,-0.055
-0.273,-0
-0.411,-0.01
-0.635,-0.172
-0.441,-0.037
-0.562,-0.076
-0.563,-0.129
-0.472,-0.025
-0.345,-0.006
-0.686,-0.189
0.001,0.159
-0.692,-0.187
-0.518,-0.073
-0.511,-0.119
-0.305,0.009
-0.192,0.076
-0.103,0.102
-0.691,-0.174
-0.402,-0.042
-0.645,-0.146
-0.315,0.035
-0.613,-0.128
-0.679,-0.137
-0.594,-0.099
-0.651,-0.133
-0.685,-0.163
-0.67,-0.155
-0.41,-0.014
-0.456,-0.062
-0.521,-0.062
-0.465,-0.043
-0.706,-0.201
-0.527,-0.04
-0.64,-0.115
-0.539,-0.065
-0.615,-0.138
-0.432,-0.032
-0.617,-0.112
-0.722,-0.171
-0.444,0.004
-0.697,-0.167
-0.522,-0.08
-0.698,-0.171
-0.233,0.038
-0.611,-0.112
-0.422,-0.018
-0.499,-0.077
-0.517,-0.111
-0.444,-0.081
-0.192,0.076
-0.721,-0.164
-0.684,-0.202
-0.743,-0.236
-0.594,-0.12
-0.716,-0.207
-0.136,0.126
-0.462,-0.011
-0.483,-0.046
-0.654,-0.143
-0.629,-0.124
-0.678,-0.145
-0.125,0.078
-0.012,0.211
-0.492,-0.074
-0.576,-0.091
-0.362,-0.001
-0.684,-0.145
-0.408,-0.039
-0.525,-0.085
-0.596,-0.17
-0.695,-0.202
-0.62,-0.186
-0.733,-0.177
-0.733,-0.2
-0.693,-0.176
-0.267,0.02
-0.314,0.012
-0.714,-0.232
-0.688,-0.16
-0.605,-0.154
-0.731,-0.161
-0.225,0.063
-0.415,-0.008
-0.474,-0.038
-0.573,-0.1
-0.758,-0.195
-0.681,-0.157
-0.493,-0.056
0.044,0.196
0.087,0.218
-0.058,0.131
-0.651,-0.152
-0.634,-0.144
-0.437,-0.022
-0.715,-0.181
-0.43,-0.111
-0.62,-0.123
-0.477,-0.028
-0.473,-0.017
-0.607,-0.111
-0.367,-0.013
-0.584,-0.143
-0.646,-0.163
-0.739,-0.196
-0.516,-0.118
-0.622,-0.107
-0.735,-0.181
-0.23,0.064
-0.282,0.079
-0.72,-0.167
-0.592,-0.119
-0.687,-0.147
-0.707,-0.176
-0.719,-0.173
-0.703,-0.162
-0.683,-0.198
-0.156,0.119
-0.174,0.041
-0.563,-0.134
-0.474,-0.056
-0.446,-0.033
-0.221,0.061
-0.381,-0.006
-0.239,0.076
-0.411,-0.031
-0.716,-0.16
-0.479,-0.043
-0.47,-0.06
-0.669,-0.146
-0.228,0.081
-0.149,0.112
-0.15,0.106
-0.278,0.063
-0.478,-0.037
-0.351,0.027
-0.278,0.023
-0.282,0.034
-0.701,-0.188
-0.728,-0.212
-0.699,-0.151
-0.726,-0.184
-0.725,-0.23
-0.231,0.029
-0.659,-0.146
-0.67,-0.207
-0.716,-0.174
-0.708,-0.163
-0.438,-0.002
-0.683,-0.148
-0.619,-0.135
-0.633,-0.136
-0.508,-0.101
-0.556,-0.104
-0.182,0.03
-0.716,-0.227
-0.416,-0
-0.402,-0.004
-0.559,-0.083
-0.705,-0.176
-0.717,-0.186
-0.617,-0.113
-0.169,0.121
-0.366,-0.003
-0.44,-0.031
-0.475,-0.062
-0.532,-0.136
-0.675,-0.194
-0.661,-0.191
-0.517,-0.13
-0.471,-0.061
-0.61,-0.088
-0.532,-0.105
-0.32,0.036
-0.525,-0.108
-0.694,-0.153
-0.722,-0.184
-0.553,-0.109
-0.723,-0.175
-0.686,-0.154
-0.686,-0.193
-0.534,-0.05
-0.522,-0.084
-0.581,-0.113
-0.668,-0.188
-0.658,-0.169
-0.516,-0.139
-0.644,-0.194
-0.566,-0.125
-0.258,0.015
-0.281,0.07
-0.677,-0.169
-0.728,-0.202
-0.695,-0.146
-0.164,0.099
-0.211,0.071
-0.378,0.031
-0.377,-0.012
-0.625,-0.114
-0.657,-0.102
-0.547,-0.086
-0.496,-0.093
-0.601,-0.105
-0.683,-0.162
-0.697,-0.195
-0.398,-0.019
-0.268,0.03
-0.577,-0.096
-0.582,-0.104
-0.625,-0.139
-0.588,-0.129
-0.647,-0.14
-0.71,-0.186
-0.667,-0.113
-0.482,-0.052
-0.141,0.046
-0.538,-0.075
-0.577,-0.099
-0.506,-0.084
-0.24,0.066
-0.536,-0.083
-0.189,0.069
-0.356,-0.007
-0.514,-0.095
-0.692,-0.149
-0.666,-0.188
-0.534,-0.091
-0.692,-0.154
-0.696,-0.15
-0.242,0.041
-0.657,-0.121
-0.562,-0.077
-0.002,0.213
-0.007,0.124
-0.574,-0.103
-0.478,-0.034
-0.699,-0.157
-0.533,-0.077
-0.517,-0.071
-0.42,-0.06
-0.412,-0.101
-0.424,-0.066
-0.296,-0.022
-0.677,-0.172
-0.355,-0.014
-0.605,-0.181
-0.716,-0.164
-0.204,0.099
-0.253,0.051
-0.201,0.098
-0.213,0.047
-0.68,-0.181
-0.72,-0.214
-0.72,-0.171
-0.065,0.112
-0.392,-0.058
-0.699,-0.177
-0.607,-0.104
-0.709,-0.185
-0.705,-0.156
-0.502,-0.062
-0.731,-0.215
-0.366,0.004
-0.59,-0.14
-0.581,-0.12
-0.51,-0.089
-0.687,-0.15
-0.429,-0.045
-0.206,0.071
-0.18,0.084
-0.276,0.073
-0.525,-0.064
-0.323,0
-0.716,-0.163
-0.746,-0.183
-0.349,0.024
-0.204,0.096
-0.249,0.035
-0.188,0.081
-0.338,0.023
-0.358,-0.005
-0.269,0.058
-0.723,-0.16
-0.724,-0.18
0.186,0.255
-0.609,-0.124
-0.668,-0.16
-0.479,-0.064
-0.577,-0.108
-0.574,-0.098
-0.571,-0.116
-0.729,-0.193
-0.697,-0.135
-0.444,-0.024
-0.264,0.042
-0.269,0.074
-0.491,-0.059
-0.226,0.051
-0.226,0.053
-0.277,0.029
-0.439,-0.023
-0.699,-0.156
-0.7,-0.13
-0.684,-0.195
-0.697,-0.143
-0.718,-0.19
-0.559,-0.087
-0.362,0.02
-0.278,0.081
-0.688,-0.163
-0.641,-0.145
-0.736,-0.232
-0.745,-0.152
-0.687,-0.195
-0.442,-0.038
0.009,0.185
-0.303,0.009
-0.49,-0.096
-0.62,-0.128
-0.47,-0.069
-0.249,0.049
-0.334,0.02
-0.702,-0.151
-0.48,-0.139
-0.37,-0.014
-0.707,-0.174
-0.309,0.012
-0.7,-0.183
-0.693,-0.165
-0.583,-0.127
-0.673,-0.183
-0.227,0.082
-0.468,-0.04
-0.56,-0.137
-0.559,-0.106
-0.66,-0.137
-0.709,-0.2
-0.717,-0.224
-0.739,-0.168
-0.718,-0.18
-0.707,-0.17
-0.594,-0.122
-0.659,-0.137
-0.37,-0.028
-0.664,-0.157
-0.392,-0.022
-0.375,-0.023
-0.367,0.006
-0.444,-0.035
-0.719,-0.185
-0.712,-0.173
-0.617,-0.139
-0.577,-0.075
-0.497,-0.038
-0.59,-0.137
-0.669,-0.166
-0.717,-0.217
-0.669,-0.21
-0.665,-0.179
-0.649,-0.135
-0.251,0.07
-0.264,0.091
-0.678,-0.138
-0.721,-0.162
-0.512,-0.064
-0.709,-0.172
-0.526,-0.119
-0.34,0.02
-0.7,-0.154
-0.417,-0.034
-0.666,-0.15
-0.61,-0.174
-0.348,0.046
-0.312,0.003
-0.275,0.058
-0.265,0.066
-0.683,-0.148
-0.474,-0.059
-0.754,-0.163
-0.605,-0.122
-0.268,0.056
-0.207,0.043
-0.207,0.09
-0.247,0.054
-0.469,-0.107
-0.584,-0.158
-0.701,-0.224
-0.727,-0.177
-0.643,-0.168
-0.592,-0.146
-0.547,-0.087
-0.622,-0.108
-0.416,-0.012
-0.684,-0.15
-0.696,-0.162
-0.704,-0.18
-0.727,-0.162
-0.647,-0.106
-0.593,-0.113
-0.681,-0.12
-0.62,-0.134
-0.693,-0.16
-0.705,-0.163
-0.68,-0.142
-0.716,-0.161
-0.518,-0.084
-0.21,0.087
-0.309,0.036
-0.331,0.004
-0.557,-0.147
-0.687,-0.235
-0.291,0.026
-0.66,-0.131
-0.664,-0.118
-0.572,-0.09
-0.632,-0.161
-0.478,-0.022
-0.191,0.107
-0.405,-0.025
-0.669,-0.135
-0.552,-0.079
-0.717,-0.16
-0.656,-0.13
-0.721,-0.195
-0.532,-0.126
-0.518,-0.039
-0.653,-0.158
-0.655,-0.168
-0.656,-0.157
-0.547,-0.134
-0.716,-0.168
-0.471,-0.043
-0.586,-0.113
-0.715,-0.178
-0.162,0.059
-0.276,0.045
-0.38,-0.012
-0.608,-0.202
-0.192,0.06
-0.457,-0.09
-0.454,-0.049
-0.643,-0.132
-0.649,-0.15
-0.527,-0.108
-0.613,-0.127
-0.642,-0.123
-0.657,-0.133
-0.267,0.025
-0.204,0.08
-0.278,0.061
-0.28,0.052
-0.446,0
-0.357,-0.017
-0.721,-0.146
-0.738,-0.192
-0.539,-0.077
-0.477,-0.098
-0.671,-0.134
-0.58,-0.079
-0.308,0.012
-0.343,0.001
-0.33,0.021
-0.276,0.018
-0.385,-0.012
-0.509,-0.064
-0.519,-0.094
-0.433,-0.033
-0.224,0.065
-0.174,0.103
-0.584,-0.107
-0.451,-0.044
-0.41,-0.06
-0.584,-0.093
-0.703,-0.206
-0.534,-0.094
-0.369,0.035
-0.253,0.06
-0.352,0.022
-0.189,0.11
-0.202,0.054
-0.339,0.027
-0.39,-0.009
-0.392,-0.001
-0.713,-0.161
-0.673,-0.161
-0.725,-0.187
-0.465,-0.051
-0.212,0.025
-0.703,-0.172
-0.643,-0.126
-0.737,-0.182
-0.724,-0.196
-0.264,0.029
-0.314,0.042
-0.543,-0.085
-0.335,-0.004
-0.304,0.039
-0.523,-0.149
-0.726,-0.166
-0.693,-0.145
-0.712,-0.184
-0.711,-0.198
-0.642,-0.126
-0.495,-0.102
-0.157,0.121
-0.184,0.128
-0.305,0.017
-0.34,-0.014
-0.328,0.032
-0.585,-0.106
-0.602,-0.155
-0.67,-0.163
-0.687,-0.16
-0.506,-0.053
-0.523,-0.072
-0.308,0.033
-0.58,-0.092
-0.241,0.059
-0.341,-0.061
-0.329,-0.025
-0.505,-0.041
-0.287,0.052
-0.303,0.019
-0.233,0.039
-0.344,0.016
-0.422,-0.069
-0.219,0.065
-0.718,-0.162
-0.733,-0.192
-0.659,-0.158
-0.683,-0.173
-0.674,-0.194
-0.573,-0.118
-0.436,-0.014
-0.724,-0.222
-0.682,-0.166
-0.69,-0.141
-0.706,-0.175
-0.714,-0.218
-0.68,-0.194
-0.339,0.03
-0.655,-0.145
-0.655,-0.128
-0.314,0.039
-0.277,0.032
-0.368,-0.012
-0.423,-0.06
-0.743,-0.188
-0.724,-0.193
-0.216,0.041
-0.566,-0.111
-0.655,-0.145
-0.179,0.091
-0.176,0.088
-0.403,-0
-0.254,0.078
-0.276,0.027
-0.523,-0.148
-0.356,0.018
-0.361,0.024
-0.673,-0.176
-0.13,0.11
-0.119,0.16
-0.701,-0.148
-0.696,-0.156
-0.543,-0.058
-0.322,0.003
-0.454,-0.007
-0.627,-0.13
-0.643,-0.129
-0.548,-0.076
-0.4,-0.022
-0.321,0.038
-0.35,-0.006
-0.296,0.027
-0.315,0.015
-0.426,-0.029
-0.478,-0.068
-0.209,0.05
-0.48,-0.066
-0.439,-0.077
-0.714,-0.189
-0.504,-0.086
-0.171,0.111
-0.408,-0.026
-0.334,0.053
-0.592,-0.103
-0.672,-0.119
-0.704,-0.15
-0.661,-0.111
-0.303,0.044
-0.328,0.022
-0.349,0.046
-0.297,0.044
-0.367,0.012
-0.515,-0.087
-0.215,0.064
-0.63,-0.135
-0.728,-0.168
-0.597,-0.142
-0.628,-0.167
-0.279,0.047
-0.733,-0.181
-0.323,0.031
-0.617,-0.11
-0.666,-0.184
-0.667,-0.145
-0.509,-0.096
-0.368,0.002
-0.475,-0.033
-0.572,-0.172
-0.463,-0.063
-0.45,-0.08
-0.33,-0.02
-0.399,-0.004
-0.324,0.041
-0.7,-0.175
-0.689,-0.172
-0.704,-0.177
-0.691,-0.166
-0.672,-0.119
-0.671,-0.156
-0.628,-0.115
-0.02,0.155
-0.608,-0.141
-0.702,-0.159
-0.486,-0.096
-0.491,-0.109
-0.587,-0.121
-0.512,-0.07
-0.73,-0.199
-0.293,-0.001
-0.262,0.038
-0.265,0.042
-0.461,-0.054
-0.733,-0.209
-0.729,-0.178
-0.691,-0.169
-0.688,-0.171
-0.306,0.036
-0.243,0.054
-0.287,0.024
-0.643,-0.117
-0.488,-0.099
-0.527,-0.104
-0.298,0.054
-0.408,0.016
-0.319,0.024
-0.261,0.049
-0.624,-0.105
-0.493,-0.063
-0.657,-0.149
-0.715,-0.184
-0.638,-0.105
-0.664,-0.112
-0.514,-0.109
0.129,0.257
-0.343,0.008
-0.55,-0.078
-0.688,-0.221
-0.563,-0.1
-0.734,-0.156
-0.406,0.011
-0.286,0.046
-0.255,0.025
-0.23,0.043
-0.704,-0.211
-0.689,-0.172
-0.697,-0.162
-0.522,-0.035
-0.218,0.089
-0.312,0.042
-0.379,-0.022
-0.305,0.04
-0.692,-0.151
-0.714,-0.19
-0.577,-0.093
-0.584,-0.113
-0.511,-0.057
-0.663,-0.167
-0.287,0.008
-0.271,0.007
-0.673,-0.17
-0.708,-0.186
-0.674,-0.201
-0.715,-0.182
-0.611,-0.128
-0.421,-0.049
-0.413,-0.058
-0.591,-0.114
-0.499,-0.11
-0.504,-0.088
-0.593,-0.104
-0.713,-0.19
-0.714,-0.228
-0.688,-0.154
-0.677,-0.149
-0.219,0.084
-0.627,-0.115
-0.704,-0.201
-0.566,-0.196
-0.617,-0.129
-0.669,-0.117
-0.736,-0.219
-0.073,0.169
-0.556,-0.122
-0.696,-0.155
-0.617,-0.125
-0.468,-0.04
-0.398,-0.037
-0.534,-0.079
-0.72,-0.175
-0.708,-0.182
-0.652,-0.137
-0.319,0.013
-0.617,-0.118
-0.693,-0.154
-0.713,-0.154
-0.683,-0.164
-0.662,-0.138
-0.697,-0.152
-0.55,-0.119
-0.528,-0.095
-0.62,-0.159
-0.265,0.054
-0.372,-0.031
-0.549,-0.076
-0.743,-0.185
-0.32,0.054
-0.267,0.04
-0.328,-0.018
-0.249,0.074
-0.337,0.008
-0.259,0.06
-0.489,-0.058
-0.69,-0.168
-0.249,0.071
-0.642,-0.119
-0.743,-0.223
-0.735,-0.235
-0.696,-0.205
-0.74,-0.163
-0.691,-0.165
-0.617,-0.145
-0.606,-0.168
-0.629,-0.128
-0.583,-0.093
-0.672,-0.138
-0.74,-0.18
-0.385,0.009
-0.668,-0.167
-0.696,-0.194
-0.695,-0.173
-0.609,-0.121
-0.45,-0.104
-0.639,-0.165
-0.725,-0.203
-0.543,-0.127
-0.135,0.085
-0.608,-0.102
-0.417,-0.041
-0.284,0.014
-0.454,-0.057
-0.736,-0.187
-0.656,-0.156
-0.218,0.111
-0.701,-0.189
-0.719,-0.185
-0.339,0.011
-0.443,-0.041
-0.713,-0.173
-0.406,-0.006
-0.333,0.053
-0.66,-0.163
-0.572,-0.107
-0.643,-0.149
-0.747,-0.18
-0.654,-0.131
-0.556,-0.132
-0.713,-0.202
-0.563,-0.092
-0.708,-0.175
-0.664,-0.17
-0.689,-0.166
-0.662,-0.114
-0.454,-0.04
-0.68,-0.15
-0.309,0.044
-0.69,-0.212
-0.637,-0.147
-0.509,-0.1
-0.406,-0.044
-0.705,-0.181
-0.639,-0.139
-0.268,0.022
-0.737,-0.16
-0.324,0.022
-0.303,0.031
-0.434,-0.018
-0.148,0.118
-0.641,-0.122
-0.692,-0.161
-0.687,-0.151
-0.738,-0.198
-0.695,-0.18
-0.711,-0.183
-0.581,-0.118
-0.641,-0.137
-0.563,-0.117
-0.688,-0.167
-0.582,-0.099
-0.614,-0.132
-0.633,-0.148
-0.695,-0.152
-0.524,-0.091
-0.575,-0.119
-0.704,-0.156
-0.626,-0.119
-0.707,-0.167
-0.679,-0.17
-0.265,0.039
-0.151,0.062
-0.69,-0.128
-0.585,-0.088
-0.678,-0.153
-0.746,-0.189
-0.745,-0.183
-0.601,-0.105
-0.572,-0.103
-0.651,-0.145
-0.362,0.036
-0.333,0.05
-0.673,-0.154
-0.675,-0.213
-0.409,-0.1
-0.618,-0.142
-0.34,-0.02
-0.613,-0.141
-0.57,-0.121
-0.397,-0.003
-0.335,0.009
-0.48,-0.046
-0.175,0.112
-0.593,-0.1
-0.752,-0.159
-0.615,-0.127
-0.596,-0.164
-0.682,-0.169
-0.695,-0.188
-0.685,-0.147
-0.668,-0.12
-0.56,-0.09
-0.698,-0.168
-0.672,-0.133
-0.513,-0.078
-0.713,-0.164
-0.721,-0.162
-0.702,-0.148
-0.395,0.001
-0.242,0.072
-0.238,0.034
-0.388,-0.012
-0.581,-0.137
-0.651,-0.203
-0.375,-0.067
-0.636,-0.145
-0.57,-0.129
-0.585,-0.109
-0.589,-0.145
-0.59,-0.101
-0.452,-0.015
-0.313,0.027
-0.364,-0.054
-0.525,-0.076
-0.327,0.045
-0.583,-0.143
-0.603,-0.106
-0.708,-0.17
-0.6,-0.175
-0.713,-0.185
-0.48,-0.039
-0.573,-0.136
-0.656,-0.117
-0.683,-0.173
-0.695,-0.199
-0.68,-0.179
-0.71,-0.159
-0.733,-0.174
-0.713,-0.168
-0.618,-0.134
-0.673,-0.123
-0.678,-0.164
-0.249,0.056
-0.31,0.01
-0.322,0.04
-0.63,-0.137
-0.468,-0.062
-0.655,-0.138
-0.736,-0.173
-0.553,-0.09
-0.684,-0.168
-0.678,-0.228
-0.515,-0.154
-0.712,-0.17
-0.517,-0.089
-0.345,-0.013
-0.275,0.062
-0.72,-0.161
-0.71,-0.209
-0.463,-0.06
-0.665,-0.136
-0.34,-0.008
-0.401,-0.025
-0.397,-0.015
-0.451,-0.036
-0.486,-0.068
-0.597,-0.099
-0.698,-0.21
-0.497,-0.093
-0.474,-0.084
-0.674,-0.141
-0.653,-0.178
-0.664,-0.17
-0.282,0.052
-0.259,0.037
-0.513,-0.052
-0.698,-0.203
-0.746,-0.186
-0.737,-0.22
-0.598,-0.144
-0.621,-0.141
-0.345,-0.009
-0.605,-0.131
-0.614,-0.13
-0.602,-0.16
-0.474,-0.076
-0.45,-0.045
-0.577,-0.21
-0.655,-0.12
-0.432,-0.033
-0.273,0.05
-0.332,0.009
-0.699,-0.157
-0.637,-0.159
-0.586,-0.112
-0.662,-0.181
-0.591,-0.103
-0.639,-0.13
-0.696,-0.174
-0.731,-0.17
-0.749,-0.184
-0.649,-0.138
-0.728,-0.169
-0.71,-0.197
-0.373,0.021
-0.68,-0.149
-0.727,-0.219
-0.386,0.009
-0.657,-0.145
-0.396,-0.029
-0.465,-0.064
-0.656,-0.162
-0.339,0.014
-0.528,-0.102
-0.282,0.057
-0.228,0.075
-0.252,0.088
-0.679,-0.165
-0.633,-0.15
-0.493,-0.074
-0.464,-0.111
-0.629,-0.156
-0.709,-0.237
-0.599,-0.147
-0.714,-0.167
-0.505,-0.114
-0.354,0.016
-0.436,-0.019
-0.405,-0.006
-0.665,-0.143
-0.609,-0.137
-0.679,-0.177
-0.461,-0.029
-0.641,-0.134
-0.586,-0.112
-0.579,-0.119
-0.344,-0.005
-0.319,-0.049
-0.612,-0.133
-0.177,0.086
-0.676,-0.142
-0.674,-0.237
-0.72,-0.162
-0.534,-0.133
-0.653,-0.194
-0.495,-0.086
-0.356,0.006
-0.708,-0.182
-0.571,-0.078
-0.354,0.026
-0.681,-0.148
-0.727,-0.147
-0.503,-0.074
-0.437,-0.045
-0.691,-0.211
-0.704,-0.183
-0.613,-0.169
-0.555,-0.139
-0.259,0.079
-0.655,-0.177
-0.407,-0.033
-0.65,-0.111
-0.645,-0.124
-0.609,-0.129
-0.513,-0.144
-0.491,-0.112
-0.65,-0.141
-0.661,-0.137
-0.596,-0.111
-0.698,-0.16
-0.717,-0.172
-0.677,-0.152
-0.723,-0.171
-0.701,-0.146
-0.685,-0.164
-0.299,0.029
-0.484,-0.035
-0.765,-0.203
-0.722,-0.172
-0.719,-0.166
-0.706,-0.154
-0.638,-0.144
-0.628,-0.127
-0.307,0.005
-0.623,-0.165
-0.458,-0.043
-0.605,-0.143
-0.221,0.026
-0.341,0.019
0.013,0.199
-0.193,0.079
-0.279,0.05
-0.689,-0.158
-0.34,0.008
-0.621,-0.145
-0.565,-0.149
-0.487,-0.091
-0.617,-0.17
-0.676,-0.181
-0.676,-0.181
-0.726,-0.183
-0.684,-0.221
-0.703,-0.181
-0.456,-0.107
-0.504,-0.074
-0.439,-0.021
-0.706,-0.159
-0.686,-0.16
-0.689,-0.137
-0.385,-0.029
-0.4,-0.041
-0.326,-0.001
-0.738,-0.182
-0.568,-0.122
-0.702,-0.144
-0.429,-0
-0.457,-0.035
-0.429,-0.052
-0.721,-0.195
-0.03,0.165
0.005,0.185
-0.192,0.1
-0.713,-0.161
-0.71,-0.206
-0.432,-0.038
-0.575,-0.139
-0.324,-0.054
-0.45,-0.047
-0.581,-0.104
-0.508,-0.123
-0.646,-0.158
-0.433,-0.058
-0.713,-0.188
-0.689,-0.158
-0.45,-0.054
-0.665,-0.172
-0.577,-0.137
-0.287,0.045
-0.698,-0.196
-0.564,-0.096
-0.538,-0.101
-0.515,-0.037
-0.446,-0.049
-0.416,-0.07
-0.411,-0.016
-0.429,-0.025
-0.275,0.04
-0.507,-0.106
-0.721,-0.177
-0.279,0.022
-0.262,0.066
-0.238,0.082
-0.218,0.077
-0.248,0.047
-0.616,-0.116
-0.586,-0.146
-0.638,-0.16
-0.477,-0.082
-0.424,-0.046
-0.525,-0.095
-0.574,-0.136
-0.315,0.035
-0.717,-0.172
-0.223,0.065
-0.616,-0.103
-0.603,-0.112
-0.461,-0.077
-0.334,0.05
-0.351,-0.008
-0.345,-0.039
-0.666,-0.133
-0.533,-0.102
-0.573,-0.09
-0.517,-0.102
-0.394,-0.004
-0.414,-0.036
-0.496,-0.105
-0.619,-0.163
-0.297,0.038
-0.25,0.075
-0.194,0.101
-0.226,0.003
-0.587,-0.143
-0.535,-0.105
-0.514,-0.126
-0.292,0.012
-0.392,-0.049
-0.313,0.055
-0.549,-0.109
-0.466,-0.041
-0.619,-0.188
-0.61,-0.149
-0.299,0.043
-0.701,-0.154
-0.231,0.033
-0.277,0.037
-0.211,0.093
-0.528,-0.069
-0.484,-0.05
-0.66,-0.138
-0.297,0.029
-0.738,-0.204
-0.737,-0.151
-0.29,0.066
-0.287,0.025
-0.613,-0.193
-0.295,-0.042
-0.576,-0.135
-0.291,-0.021
-0.721,-0.188
-0.547,-0.078
-0.314,-0.021
-0.64,-0.134
-0.636,-0.162
-0.591,-0.17
-0.332,-0.059
-0.538,-0.079
-0.569,-0.138
0.073,0.165
-0.584,-0.152
-0.217,0.108
-0.266,0.067
-0.662,-0.153
-0.723,-0.201
-0.696,-0.205
-0.543,-0.103
-0.658,-0.134
-0.686,-0.144
-0.726,-0.202
-0.683,-0.184
-0.551,-0.102
-0.591,-0.099
-0.523,-0.092
-0.521,-0.09
-0.576,-0.093
-0.401,-0.062
-0.26,0.028
-0.657,-0.173
-0.731,-0.231
-0.442,-0.052
-0.505,-0.084
-0.557,-0.104
-0.499,-0.136
-0.274,0.055
-0.62,-0.135
-0.226,0.045
-0.27,0.04
-0.529,-0.072
-0.287,0.03
-0.726,-0.165
-0.37,0.006
-0.709,-0.191
-0.695,-0.131
-0.499,-0.14
-0.549,-0.138
-0.52,-0.074
-0.456,-0.037
-0.657,-0.145
-0.544,-0.084
-0.36,-0.019
-0.667,-0.123
-0.719,-0.185
-0.63,-0.119
-0.52,-0.091
-0.61,-0.111
-0.457,-0.045
-0.678,-0.195
-0.284,0.036
-0.312,0.041
-0.451,-0.075
-0.234,0.047
-0.318,0.024
-0.549,-0.082
-0.263,0.061
-0.211,0.043
-0.374,0.002
-0.281,0.056
-0.489,-0.052
-0.466,-0.072
-0.387,-0.007
-0.684,-0.169
-0.177,0.096
-0.15,0.105
-0.527,-0.096
-0.36,-0.008
-0.665,-0.136
-0.647,-0.154
-0.667,-0.167
-0.721,-0.186
-0.718,-0.23
-0.699,-0.166
-0.526,-0.111
-0.719,-0.166
-0.703,-0.152
-0.616,-0.113
-0.353,0.017
-0.513,-0.064
-0.306,0.023
-0.551,-0.11
-0.286,0.047
-0.482,-0.055
-0.229,0.084
-0.192,0.1
-0.247,0.045
-0.4,-0.005
-0.334,0.013
-0.636,-0.162
-0.725,-0.169
-0.751,-0.213
-0.45,-0.03
-0.372,-0.01
-0.408,-0.051
-0.433,-0.031
-0.605,-0.11
-0.505,-0.093
-0.295,0.011
-0.414,-0.035
-0.31,0.014
-0.726,-0.184
-0.421,-0.031
-0.701,-0.164
-0.308,0.012
-0.7,-0.191
-0.59,-0.098
-0.566,-0.127
-0.575,-0.071
-0.56,-0.108
-0.345,-0.005
-0.724,-0.226
-0.577,-0.128
-0.632,-0.157
-0.342,-0.041
-0.549,-0.095
-0.599,-0.119
-0.597,-0.136
-0.573,-0.147
-0.473,-0.087
-0.499,-0.066
-0.536,-0.097
-0.229,0.082
-0.67,-0.135
-0.214,0.097
-0.216,0.118
-0.26,0.045
-0.18,0.095
-0.401,-0.005
-0.541,-0.098
-0.658,-0.18
-0.429,-0.054
-0.502,-0.09
-0.628,-0.094
-0.222,0.087
-0.174,0.087
-0.582,-0.138
-0.321,0.054
-0.678,-0.143
-0.599,-0.106
-0.524,-0.109
-0.492,-0.081
-0.664,-0.109
-0.515,-0.076
-0.515,-0.074
-0.377,0.001
-0.269,0.048
-0.185,0.068
-0.36,-0.09
-0.295,0.051
-0.727,-0.198
-0.508,-0.079
-0.743,-0.2
-0.689,-0.161
-0.637,-0.122
-0.482,-0.12
-0.414,-0.003
-0.478,-0.043
-0.211,0.105
-0.224,0.062
-0.674,-0.153
-0.624,-0.144
-0.465,-0.043
-0.464,-0.06
-0.473,-0.077
-0.704,-0.18
-0.718,-0.165
-0.725,-0.169
-0.665,-0.182
-0.617,-0.211
-0.606,-0.173
-0.329,0.025
-0.516,-0.094
-0.498,-0.068
-0.522,-0.104
-0.677,-0.205
-0.541,-0.075
-0.685,-0.147
-0.3,0.025
-0.424,-0.035
-0.187,0.061
-0.254,0.072
-0.249,0.061
-0.325,0.01
-0.316,0.023
-0.219,0.095
-0.224,0.069
-0.448,-0.062
-0.387,-0.042
-0.431,-0.06
-0.538,-0.108
-0.667,-0.167
-0.726,-0.167
-0.472,-0.039
-0.485,-0.067
-0.49,-0.096
-0.561,-0.116
-0.395,-0.023
-0.512,-0.111
-0.677,-0.187
-0.306,0.01
-0.487,-0.064
-0.722,-0.181
-0.692,-0.199
-0.739,-0.219
-0.443,-0.038
-0.678,-0.122
-0.713,-0.14
-0.725,-0.169
-0.732,-0.193
-0.345,-0.019
-0.349,-0.015
-0.557,-0.139
-0.511,-0.075
-0.521,-0.121
-0.657,-0.176
-0.519,-0.079
-0.543,-0.088
-0.609,-0.137
-0.515,-0.077
-0.705,-0.243
-0.607,-0.09
-0.266,0.017
-0.237,0.074
-0.375,-0.023
-0.272,0.034
-0.742,-0.188
-0.523,-0.075
-0.688,-0.166
-0.67,-0.187
-0.379,0.006
-0.72,-0.187
-0.721,-0.159
-0.617,-0.15
-0.711,-0.186
-0.437,-0.087
-0.733,-0.204
-0.421,-0.043
-0.737,-0.155
-0.654,-0.14
-0.438,-0.053
-0.723,-0.19
-0.706,-0.157
-0.34,-0.017
-0.714,-0.204
-0.734,-0.239
-0.709,-0.206
-0.649,-0.131
-0.547,-0.118
-0.385,-0.009
-0.585,-0.154
-0.642,-0.177
-0.533,-0.108
-0.541,-0.09
-0.504,-0.072
-0.467,-0.079
-0.73,-0.203
-0.278,0.023
-0.187,0.083
-0.201,0.093
-0.657,-0.145
-0.709,-0.165
-0.622,-0.157
-0.353,0.01
-0.335,0.008
-0.453,-0.046
-0.427,-0.068
-0.609,-0.105
-0.371,-0.047
-0.537,-0.114
-0.648,-0.141
-0.72,-0.149
-0.724,-0.172
-0.729,-0.172
-0.647,-0.147
-0.595,-0.131
-0.569,-0.091
-0.709,-0.197
-0.605,-0.103
-0.403,-0.015
-0.66,-0.144
-0.221,0.002
-0.348,-0.045
-0.681,-0.169
-0.611,-0.183
-0.67,-0.214
-0.467,-0.094
-0.432,-0.06
-0.395,-0.014
-0.674,-0.206
-0.699,-0.176
-0.445,-0.059
-0.181,0.108
-0.719,-0.167
-0.731,-0.188
-0.661,-0.129
-0.695,-0.17
-0.541,-0.1
-0.684,-0.148
-0.638,-0.144
-0.598,-0.127
-0.665,-0.16
-0.63,-0.123
-0.416,-0.038
-0.619,-0.144
-0.38,-0.01
-0.69,-0.165
-0.484,-0.092
-0.724,-0.193
-0.444,-0.063
-0.367,0.004
-0.726,-0.186
-0.656,-0.158
-0.649,-0.159
-0.64,-0.142
-0.442,-0.075
-0.573,-0.103
-0.708,-0.163
-0.678,-0.151
-0.718,-0.241
-0.571,-0.153
-0.484,-0.059
-0.408,-0.098
-0.341,-0.022
-0.223,0.09
-0.723,-0.175
-0.611,-0.092
-0.692,-0.19
-0.508,-0.085
-0.486,-0.074
-0.713,-0.164
-0.355,-0.001
-0.573,-0.114
-0.183,0.095
-0.505,-0.057
-0.373,-0.056
-0.73,-0.174
-0.28,0.022
-0.755,-0.166
-0.691,-0.167
-0.662,-0.14
-0.604,-0.139
-0.663,-0.17
-0.686,-0.181
-0.591,-0.247
-0.416,-0.036
-0.427,-0.036
-0.673,-0.16
-0.213,0.08
-0.232,0.09
-0.204,0.097
-0.179,0.09
-0.147,0.107
-0.228,0.081
-0.498,-0.046
-0.595,-0.136
-0.468,-0.054
-0.716,-0.189
-0.369,0.011
-0.534,-0.091
-0.521,-0.082
-0.644,-0.122
-0.409,-0.061
-0.323,-0.029
-0.726,-0.172
-0.729,-0.196
-0.587,-0.119
-0.671,-0.158
-0.608,-0.145
-0.604,-0.131
-0.651,-0.207
-0.641,-0.216
-0.569,-0.097
-0.43,-0.097
-0.486,-0.074
-0.233,0.088
-0.166,0.082
-0.529,-0.069
-0.502,-0.076
-0.67,-0.173
-0.719,-0.16
-0.372,0.008
-0.604,-0.15
-0.292,0.028
-0.29,0.008
-0.594,-0.128
-0.524,-0.068
-0.508,-0.062
-0.553,-0.081
-0.679,-0.172
-0.566,-0.139
-0.555,-0.132
-0.443,-0.01
-0.509,-0.064
-0.258,0.03
-0.292,0.043
-0.404,-0.012
-0.683,-0.149
-0.611,-0.104
-0.692,-0.157
-0.65,-0.154
-0.63,-0.149
-0.38,-0.004
-0.719,-0.202
-0.481,-0.047
-0.648,-0.161
-0.702,-0.205
-0.68,-0.173
-0.747,-0.215
-0.408,-0.01
-0.303,0.007
-0.657,-0.176
-0.361,-0.01
-0.651,-0.169
-0.704,-0.159
-0.563,-0.126
-0.727,-0.201
-0.608,-0.117
-0.52,-0.086
-0.36,-0.02
-0.508,-0.059
-0.635,-0.149
-0.388,-0.075
-0.629,-0.144
-0.045,0.146
-0.504,-0.035
-0.252,-0.021
-0.235,0.064
-0.215,0.075
-0.186,0.108
-0.28,0.05
-0.293,0.07
-0.249,0.016
-0.483,-0.086
-0.711,-0.16
-0.651,-0.154
-0.555,-0.1
-0.267,0.054
-0.283,0.024
-0.356,-0.006
-0.325,-0.004
-0.337,0.028
-0.674,-0.174
-0.639,-0.109
-0.685,-0.171
-0.329,0.004
-0.59,-0.112
-0.486,-0.05
-0.695,-0.221
-0.568,-0.101
-0.431,-0.074
-0.38,-0.04
-0.682,-0.172
-0.223,0.051
-0.251,0.049
-0.28,0.045
-0.212,0.052
-0.281,0.04
-0.64,-0.147
-0.396,-0.029
-0.689,-0.162
-0.515,-0.096
-0.467,-0.05
-0.636,-0.181
-0.525,-0.101
-0.316,0.036
-0.661,-0.143
-0.594,-0.14
-0.732,-0.158
-0.646,-0.136
-0.623,-0.119
-0.327,0.045
-0.68,-0.209
-0.714,-0.197
-0.32,-0.019
-0.304,-0.002
-0.54,-0.087
-0.412,-0.02
-0.529,-0.11
-0.468,-0.066
-0.73,-0.213
-0.538,-0.075
-0.684,-0.196
-0.209,0.042
-0.168,0.093
-0.447,-0.101
-0.491,-0.109
-0.512,-0.072
-0.475,-0.038
-0.358,0.013
-0.746,-0.241
-0.706,-0.205
-0.401,0.007
-0.501,-0.109
-0.636,-0.151
-0.721,-0.18
-0.727,-0.18
-0.529,-0.083
-0.463,-0.05
-0.625,-0.165
-0.289,0.03
-0.245,0.053
-0.269,0.076
-0.666,-0.147
-0.681,-0.178
-0.461,-0.091
-0.661,-0.161
-0.66,-0.199
-0.648,-0.137
-0.603,-0.151
-0.504,-0.073
-0.348,0.028
-0.708,-0.192
-0.483,-0.07
-0.679,-0.163
-0.675,-0.186
-0.295,0.048
-0.309,-0.005
-0.422,-0.045
-0.586,-0.127
-0.317,0.037
-0.58,-0.099
-0.739,-0.158
-0.723,-0.2
-0.548,-0.124
-0.3,0.022
-0.376,-0.093
-0.36,-0.01
-0.285,-0.058
-0.518,-0.085
-0.493,-0.062
-0.4,-0.05
-0.425,-0.047
-0.708,-0.184
-0.229,0.084
-0.25,0.075
-0.593,-0.103
-0.377,-0.037
-0.588,-0.123
-0.684,-0.159
-0.579,-0.1
-0.672,-0.18
-0.537,-0.108
-0.643,-0.157
-0.666,-0.156
-0.409,-0.039
-0.249,0.042
-0.558,-0.084
-0.527,-0.089
-0.309,0.038
-0.326,-0.004
-0.291,0.029
-0.296,-0.005
-0.484,-0.067
-0.698,-0.166
-0.723,-0.214
-0.73,-0.199
-0.684,-0.174
-0.663,-0.161
-0.329,-0.046
-0.555,-0.106
-0.697,-0.187
-0.515,-0.118
-0.593,-0.184
-0.731,-0.201
-0.733,-0.195
-0.297,0.072
-0.622,-0.094
-0.644,-0.126
-0.19,0.11
-0.264,0.027
-0.69,-0.148
-0.601,-0.143
-0.59,-0.097
-0.7,-0.189
-0.318,0.013
-0.277,0.051
-0.274,0.054
-0.276,0.031
-0.672,-0.167
-0.645,-0.198
-0.621,-0.185
-0.673,-0.255
-0.496,-0.081
-0.404,-0.045
-0.693,-0.184
-0.519,-0.129
-0.727,-0.19
-0.727,-0.18
-0.269,0.014
-0.325,0.006
-0.33,-0.021
-0.495,-0.091
-0.649,-0.147
-0.46,-0.078
-0.63,-0.156
-0.742,-0.209
-0.312,0.047
-0.32,0.036
-0.302,0.042
-0.743,-0.155
-0.382,0.007
-0.233,0.11
-0.673,-0.123
-0.716,-0.186
-0.262,0.044
-0.578,-0.091
-0.62,-0.133
-0.583,-0.125
-0.65,-0.151
-0.661,-0.175
-0.566,-0.088
-0.67,-0.13
-0.55,-0.121
-0.693,-0.148
-0.453,-0.037
-0.284,-0.03
-0.686,-0.21
-0.718,-0.184
-0.329,-0.044
-0.438,-0.115
-0.341,-0.018
-0.565,-0.172
-0.721,-0.26
-0.703,-0.172
-0.705,-0.151
-0.247,0.05
-0.352,-0.013
-0.545,-0.114
-0.533,-0.084
-0.54,-0.107
-0.562,-0.118
-0.494,-0.084
-0.719,-0.203
-0.212,0.063
-0.314,0.015
-0.354,0.016
-0.534,-0.084
-0.428,-0.086
-0.716,-0.187
-0.732,-0.194
-0.697,-0.168
-0.699,-0.181
-0.347,-0.002
-0.626,-0.135
-0.733,-0.184
-0.513,-0.064
-0.632,-0.13
-0.497,-0.089
-0.294,0.014
-0.368,-0.004
-0.698,-0.176
-0.271,0.034
-0.512,-0.065
-0.527,-0.088
-0.625,-0.167
-0.699,-0.178
-0.477,-0.051
-0.637,-0.108
-0.275,0.061
-0.271,0.035
-0.271,0.029
-0.158,0.068
-0.658,-0.139
-0.734,-0.198
-0.744,-0.164
-0.424,-0.036
-0.358,-0.029
-0.147,0.087
-0.331,-0.073
-0.437,-0.123
-0.554,-0.134
-0.21,0.045
-0.697,-0.221
-0.711,-0.17
-0.691,-0.152
-0.439,-0.036
-0.453,-0.033
-0.548,-0.079
-0.695,-0.197
-0.305,0.04
-0.658,-0.171
-0.582,-0.134
-0.365,-0.046
-0.699,-0.169
-0.519,-0.099
-0.328,0.02
-0.58,-0.121
-0.239,0.064
-0.561,-0.114
-0.293,0.037
-0.491,-0.106
-0.522,-0.14
-0.519,-0.135
-0.272,0.008
-0.689,-0.213
-0.674,-0.18
-0.704,-0.141
-0.362,-0.032
-0.584,-0.129
-0.448,-0.053
-0.588,-0.099
-0.668,-0.16
-0.685,-0.149
-0.601,-0.147
-0.61,-0.127
-0.623,-0.129
-0.503,-0.093
-0.191,0.057
-0.428,-0.058
-0.657,-0.163
-0.574,-0.088
-0.66,-0.14
-0.716,-0.208
-0.722,-0.196
-0.67,-0.166
-0.695,-0.194
-0.236,0.037
-0.46,-0.132
-0.099,0.065
-0.485,-0.065
-0.414,-0.03
-0.563,-0.098
-0.479,-0.065
-0.729,-0.195
-0.699,-0.166
-0.714,-0.169
-0.608,-0.147
-0.374,-0.03
-0.516,-0.12
-0.481,-0.087
-0.255,0.025
-0.753,-0.216
-0.553,-0.077
-0.635,-0.134
-0.702,-0.157
-0.584,-0.099
-0.157,0.105
-0.166,0.089
-0.468,-0.042
-0.651,-0.175
-0.631,-0.152
-0.389,-0.027
-0.546,-0.089
-0.71,-0.152
-0.351,-0.036
-0.226,0.061
-0.704,-0.21
-0.621,-0.124
-0.728,-0.169
-0.397,-0.062
-0.507,-0.084
-0.527,-0.074
-0.761,-0.256
-0.374,-0.028
-0.356,0.011
-0.525,-0.116
-0.66,-0.149
-0.722,-0.209
-0.697,-0.187
-0.583,-0.102
-0.446,-0.027
-0.498,-0.047
-0.679,-0.138
-0.67,-0.145
-0.485,-0.07
-0.602,-0.107
-0.58,-0.106
-0.456,-0.041
-0.431,-0.057
-0.693,-0.154
-0.301,0.012
-0.243,0.018
-0.335,-0.033
-0.745,-0.216
-0.574,-0.178
-0.527,-0.103
-0.424,-0.024
-0.28,0.026
-0.595,-0.119
-0.682,-0.185
-0.63,-0.146
-0.441,-0.03
-0.768,-0.212
-0.678,-0.198
-0.689,-0.151
-0.717,-0.183
-0.673,-0.141
-0.628,-0.137
-0.719,-0.203
-0.408,-0.035
-0.686,-0.177
-0.47,-0.046
-0.363,0.008
-0.239,0.07
-0.256,0.041
-0.262,0.038
-0.556,-0.109
-0.731,-0.182
-0.349,-0.04
-0.418,-0.023
-0.692,-0.163
-0.691,-0.176
-0.72,-0.179
-0.714,-0.204
-0.59,-0.11
-0.237,0.068
-0.369,0.011
-0.506,-0.084
-0.194,0.012
-0.731,-0.179
-0.292,0.037
-0.603,-0.132
-0.449,-0.073
-0.712,-0.197
-0.656,-0.145
-0.455,-0.035
-0.228,0.052
-0.593,-0.092
-0.517,-0.112
-0.468,-0.041
-0.574,-0.112
-0.718,-0.176
-0.213,0.095
-0.19,0.083
-0.282,0.076
-0.272,0.044
-0.52,-0.091
-0.585,-0.102
-0.708,-0.146
-0.616,-0.112
-0.542,-0.091
-0.604,-0.091
-0.625,-0.16
-0.646,-0.158
-0.601,-0.162
-0.678,-0.142
-0.631,-0.119
-0.443,-0.045
-0.753,-0.208
-0.302,0.041
-0.367,0.009
-0.667,-0.176
-0.453,-0.04
-0.439,-0.049
-0.702,-0.154
-0.506,-0.07
-0.132,0.106
-0.433,-0.032
-0.513,-0.106
-0.396,-0.026
-0.685,-0.209
-0.666,-0.161
-0.684,-0.137
-0.672,-0.174
-0.573,-0.157
-0.657,-0.157
-0.441,-0.096
-0.646,-0.201
-0.222,0.076
-0.22,0.042
-0.305,0
-0.595,-0.132
0.006,0.195
-0.755,-0.211
-0.267,0.083
-0.714,-0.153
-0.686,-0.207
-0.475,-0.052
-0.685,-0.172
-0.563,-0.098
-0.539,-0.086
-0.363,-0.031
-0.636,-0.184
-0.637,-0.182
-0.421,-0.057
-0.562,-0.073
-0.252,0.051
-0.256,0.058
-0.463,-0.042
-0.666,-0.176
-0.566,-0.136
-0.55,-0.165
-0.434,-0.077
-0.558,-0.107
-0.73,-0.22
-0.74,-0.193
-0.735,-0.21
-0.753,-0.203
-0.25,0.04
-0.25,0.015
-0.253,0.053
-0.542,-0.077
-0.586,-0.133
-0.663,-0.117
-0.672,-0.153
-0.717,-0.2
-0.443,-0.029
-0.524,-0.134
-0.735,-0.219
-0.63,-0.152
-0.714,-0.18
-0.437,-0.062
-0.357,0.021
-0.668,-0.181
-0.611,-0.128
-0.644,-0.126
-0.636,-0.192
-0.59,-0.127
-0.161,0.106
-0.755,-0.238
-0.756,-0.187
-0.242,0.074
-0.277,0.033
-0.568,-0.171
-0.705,-0.173
-0.637,-0.102
-0.685,-0.156
-0.678,-0.128
-0.692,-0.169
-0.538,-0.102
-0.692,-0.216
-0.478,-0.071
-0.621,-0.127
-0.507,-0.103
-0.388,0.004
-0.63,-0.165
-0.543,-0.108
-0.691,-0.189
-0.565,-0.089
-0.673,-0.172
-0.643,-0.18
-0.437,-0.001
-0.694,-0.147
-0.676,-0.204
-0.707,-0.22
-0.711,-0.185
-0.583,-0.136
-0.758,-0.201
-0.749,-0.208
-0.423,-0.058
-0.266,0.045
-0.685,-0.147
-0.564,-0.124
-0.716,-0.202
-0.594,-0.108
-0.537,-0.1
-0.761,-0.197
-0.694,-0.164
-0.697,-0.159
-0.661,-0.15
-0.686,-0.198
-0.485,-0.05
-0.742,-0.163
-0.514,-0.081
-0.346,-0.02
-0.388,-0.019
-0.343,-0.044
-0.411,-0.012
-0.538,-0.15
-0.588,-0.175
-0.365,0.008
-0.306,0.016
-0.367,0.03
-0.395,-0.004
-0.717,-0.187
-0.226,0.085
-0.708,-0.182
-0.503,-0.093
-0.605,-0.151
-0.697,-0.18
-0.669,-0.157
-0.568,-0.104
-0.666,-0.153
-0.664,-0.207
-0.569,-0.142
-0.677,-0.146
-0.701,-0.158
-0.628,-0.13
-0.49,-0.113
-0.532,-0.091
-0.658,-0.133
-0.68,-0.146
-0.252,0.063
-0.641,-0.199
-0.532,-0.092
-0.549,-0.104
-0.417,-0.028
-0.328,0.006
-0.382,-0
-0.329,0.016
-0.51,-0.081
-0.545,-0.08
-0.323,0.025
0.04,0.125
-0.189,0.086
-0.531,-0.052
-0.512,-0.039
-0.356,0.006
-0.728,-0.199
-0.563,-0.083
-0.67,-0.199
-0.703,-0.212
-0.656,-0.12
-0.726,-0.167
-0.71,-0.169
-0.723,-0.165
-0.535,-0.098
-0.564,-0.089
-0.702,-0.195
-0.72,-0.224
-0.686,-0.157
-0.383,-0.005
-0.342,0.023
-0.447,-0.056
-0.462,-0.09
-0.458,-0.04
-0.363,-0.075
-0.56,-0.173
-0.527,-0.128
-0.691,-0.16
-0.42,-0.052
-0.559,-0.103
-0.418,-0.029
-0.496,-0.096
-0.643,-0.156
-0.516,-0.053
-0.342,0.018
-0.257,0.034
-0.725,-0.228
-0.71,-0.158
-0.617,-0.135
-0.616,-0.1
-0.532,-0.126
-0.219,0.065
-0.646,-0.151
-0.573,-0.136
-0.568,-0.137
-0.545,-0.074
-0.473,-0.065
-0.632,-0.162
-0.72,-0.182
-0.498,-0.083
-0.361,-0.001
-0.363,0.033
-0.738,-0.235
-0.626,-0.154
-0.677,-0.154
-0.681,-0.174
-0.508,-0.06
-0.629,-0.141
-0.642,-0.129
-0.589,-0.137
-0.582,-0.148
-0.325,-0.007
-0.241,0.041
-0.252,0.046
-0.589,-0.133
-0.735,-0.177
-0.276,0.012
-0.324,0.012
-0.391,-0.005
-0.331,0.028
-0.616,-0.131
-0.585,-0.116
-0.713,-0.228
-0.725,-0.17
-0.715,-0.178
-0.31,0.02
-0.725,-0.179
-0.682,-0.172
-0.66,-0.15
-0.642,-0.174
-0.611,-0.115
-0.651,-0.148
-0.588,-0.155
-0.546,-0.151
-0.588,-0.119
-0.254,0.054
-0.293,0.002
-0.256,0.046
-0.276,0.036
-0.518,-0.079
-0.518,-0.09
-0.654,-0.156
-0.514,-0.156
-0.676,-0.215
-0.685,-0.162
-0.737,-0.218
-0.385,-0.024
-0.16,0.114
-0.659,-0.125
-0.225,0.089
-0.503,-0.064
-0.722,-0.169
-0.725,-0.142
-0.722,-0.181
-0.362,-0.051
-0.623,-0.14
-0.733,-0.177
-0.669,-0.186
-0.358,-0.01
-0.499,-0.095
-0.686,-0.174
-0.232,0.071
-0.337,0.025
-0.475,-0.068
-0.51,-0.071
-0.559,-0.167
-0.396,-0.062
-0.388,-0.022
-0.456,-0.059
-0.537,-0.093
-0.738,-0.189
-0.732,-0.176
-0.236,0.043
-0.522,-0.077
-0.718,-0.183
-0.631,-0.132
-0.363,-0.052
-0.229,0.097
-0.578,-0.114
-0.353,-0.042
-0.379,-0.005
-0.28,-0.012
-0.497,-0.078
-0.72,-0.171
-0.405,-0.031
-0.396,-0.008
-0.534,-0.095
-0.313,-0.022
-0.685,-0.15
-0.435,-0.047
-0.611,-0.122
-0.701,-0.195
-0.505,-0.072
-0.676,-0.144
-0.201,0.047
-0.49,-0.078
-0.063,0.133
-0.533,-0.11
-0.534,-0.127
-0.432,0.004
-0.611,-0.134
-0.757,-0.231
-0.54,-0.096
-0.608,-0.163
-0.729,-0.178
-0.563,-0.073
-0.634,-0.128
-0.72,-0.188
-0.509,-0.113
-0.719,-0.212
-0.338,0.051
-0.714,-0.196
-0.33,0.002
-0.291,0.02
-0.22,0.101
-0.468,-0.088
-0.596,-0.117
-0.739,-0.176
-0.418,-0.026
-0.47,-0.038
-0.505,-0.07
-0.465,-0.049
-0.628,-0.18
-0.583,-0.191
-0.471,-0.046
-0.585,-0.094
-0.594,-0.105
-0.668,-0.163
-0.604,-0.14
-0.52,-0.139
-0.438,-0.062
-0.683,-0.17
-0.682,-0.151
-0.394,-0.022
-0.211,0.061
-0.229,0.081
-0.38,-0.031
-0.502,-0.079
-0.626,-0.21
-0.629,-0.13
-0.684,-0.149
-0.368,-0.042
-0.412,-0.034
-0.575,-0.111
-0.67,-0.159
-0.453,-0.053
-0.416,0.006
-0.443,-0.038
-0.245,0.023
-0.682,-0.145
-0.43,-0.056
-0.685,-0.183
-0.571,-0.096
-0.596,-0.112
-0.635,-0.134
-0.597,-0.131
-0.611,-0.095
-0.448,-0.055
-0.179,0.095
-0.268,0.022
-0.279,0.027
-0.226,0.077
-0.439,-0.026
-0.274,0.035
-0.311,0.037
-0.563,-0.12
-0.482,-0.103
-0.263,0.05
-0.417,-0.042
-0.363,-0.018
-0.565,-0.113
-0.667,-0.153
-0.368,0.009
-0.476,-0.072
-0.591,-0.143
-0.724,-0.179
-0.304,0.021
-0.282,0.036
-0.482,-0.075
-0.306,0.031
-0.603,-0.185
-0.415,0.004
-0.607,-0.12
-0.409,-0.014
-0.522,-0.047
-0.311,0.031
-0.73,-0.167
-0.643,-0.138
-0.557,-0.091
-0.646,-0.153
-0.669,-0.123
-0.325,0.049
-0.581,-0.13
-0.664,-0.177
-0.503,-0.087
-0.533,-0.08
-0.532,-0.063
-0.632,-0.133
-0.357,0.005
-0.352,-0.003
-0.434,-0.027
-0.657,-0.133
-0.567,-0.094
-0.362,-0.001
-0.261,0.024
-0.668,-0.147
-0.51,-0.077
-0.344,0.017
-0.67,-0.139
-0.727,-0.19
-0.679,-0.147
-0.385,-0.025
-0.608,-0.124
-0.609,-0.081
-0.391,-0.024
-0.506,-0.11
-0.347,0.025
-0.386,0.005
-0.309,-0.007
-0.578,-0.126
-0.312,-0.028
-0.627,-0.123
-0.658,-0.196
-0.629,-0.156
-0.709,-0.186
-0.231,0.078
-0.721,-0.183
-0.363,-0.042
-0.738,-0.199
-0.633,-0.115
-0.614,-0.186
-0.422,0.006
-0.504,-0.062
-0.12,0.136
-0.271,0.045
-0.297,0.041
-0.577,-0.098
-0.707,-0.163
-0.634,-0.139
-0.685,-0.206
-0.485,-0.11
-0.701,-0.196
-0.48,-0.097
-0.281,0.016
-0.264,0.051
-0.477,-0.062
-0.718,-0.172
-0.451,-0.057
-0.468,-0.073
-0.51,-0.092
-0.366,0.015
-0.184,0.071
-0.529,-0.084
0.105,0.225
-0.666,-0.185
-0.601,-0.117
-0.702,-0.185
-0.481,-0.057
-0.732,-0.196
-0.735,-0.209
-0.446,-0.02
-0.314,0.037
-0.257,0.006
-0.309,0.047
-0.64,-0.145
-0.465,-0.08
-0.566,-0.126
-0.615,-0.152
-0.618,-0.122
-0.737,-0.191
-0.72,-0.179
-0.599,-0.146
-0.754,-0.188
-0.723,-0.195
-0.728,-0.173
-0.252,0.002
-0.293,0.026
-0.742,-0.154
-0.676,-0.124
-0.666,-0.15
-0.694,-0.149
-0.472,-0.089
-0.602,-0.112
-0.521,-0.068
-0.469,-0.06
-0.517,-0.107
-0.641,-0.144
-0.384,-0.019
-0.231,0.064
-0.271,0.034
-0.544,-0.125
-0.5,-0.12
-0.422,-0.072
-0.503,-0.091
-0.621,-0.135
-0.415,-0.015
-0.684,-0.173
-0.714,-0.204
-0.696,-0.159
-0.714,-0.152
-0.699,-0.159
-0.547,-0.096
-0.354,0.017
-0.713,-0.186
-0.699,-0.157
-0.294,0.07
-0.308,0.015
-0.407,-0.017
-0.719,-0.188
-0.437,-0.079
-0.49,-0.052
-0.57,-0.117
-0.376,-0.035
-0.32,-0.008
-0.511,-0.038
-0.155,0.063
-0.167,0.112
-0.385,-0.002
-0.568,-0.146
-0.655,-0.177
-0.628,-0.145
-0.701,-0.187
-0.604,-0.118
-0.636,-0.137
-0.706,-0.181
-0.588,-0.083
-0.473,-0.044
-0.705,-0.213
-0.651,-0.189
-0.572,-0.155
-0.671,-0.243
-0.542,-0.127
0.052,0.201
-0.459,-0.043
-0.468,-0.061
-0.223,0.013
-0.313,-0.027
-0.371,0.01
-0.472,-0.062
-0.549,-0.182
-0.627,-0.102
-0.56,-0.089
-0.559,-0.106
-0.623,-0.131
-0.739,-0.198
-0.733,-0.174
-0.378,-0.003
-0.7,-0.183
-0.72,-0.185
-0.625,-0.132
-0.414,-0.082
-0.628,-0.123
-0.539,-0.116
-0.6,-0.107
-0.352,-0.021
-0.291,-0.017
-0.376,0.001
-0.505,-0.143
-0.532,-0.084
-0.433,-0.05
-0.605,-0.122
-0.69,-0.172
-0.703,-0.183
-0.721,-0.167
-0.733,-0.201
-0.749,-0.223
-0.565,-0.127
-0.496,-0.103
-0.681,-0.198
-0.601,-0.129
-0.421,-0.024
-0.396,-0.076
-0.302,0.006
-0.444,-0.038
-0.555,-0.076
-0.522,-0.12
-0.585,-0.159
-0.744,-0.238
-0.581,-0.135
-0.757,-0.167
-0.75,-0.182
-0.595,-0.099
-0.725,-0.242
-0.537,-0.145
-0.675,-0.148
-0.614,-0.149
-0.416,-0.043
-0.372,-0.073
-0.639,-0.151
-0.344,0.006
-0.379,-0.005
-0.373,-0.006
-0.069,0.084
-0.331,-0.074
-0.534,-0.119
-0.358,-0
-0.48,-0.061
-0.729,-0.19
-0.6,-0.125
-0.747,-0.162
-0.616,-0.128
-0.702,-0.165
-0.515,-0.068
-0.563,-0.107
-0.748,-0.16
-0.485,-0.107
-0.527,-0.114
-0.631,-0.173
-0.744,-0.214
-0.612,-0.148
-0.531,-0.094
-0.41,-0.01
-0.388,-0.054
-0.405,-0.062
-0.737,-0.24
-0.485,-0.104
-0.404,-0.039
-0.549,-0.185
-0.699,-0.187
-0.726,-0.2
-0.624,-0.158
-0.627,-0.158
-0.737,-0.176
-0.751,-0.189
-0.366,0.025
-0.723,-0.172
-0.759,-0.205
-0.756,-0.186
-0.638,-0.161
-0.565,-0.137
-0.516,-0.07
-0.51,-0.066
-0.489,-0.048
-0.388,-0.016
-0.689,-0.201
-0.373,-0.028
-0.397,-0.056
-0.312,-0.03
-0.585,-0.125
-0.35,0.016
-0.512,-0.072
-0.716,-0.164
-0.728,-0.167
-0.553,-0.127
-0.739,-0.186
-0.741,-0.156
-0.693,-0.132
-0.677,-0.178
-0.688,-0.152
-0.753,-0.197
-0.722,-0.217
-0.72,-0.203
-0.652,-0.124
-0.608,-0.175
-0.674,-0.171
-0.695,-0.167
-0.428,-0.045
-0.433,-0.08
-0.409,-0.031
-0.396,-0.022
-0.405,-0.01
-0.386,-0.014
-0.61,-0.125
-0.469,-0.073
-0.487,-0.084
-0.463,-0.045
-0.504,-0.067
-0.247,0.027
-0.518,-0.096
-0.605,-0.148
-0.644,-0.163
-0.484,-0.082
-0.636,-0.152
-0.675,-0.205
-0.565,-0.095
-0.38,-0.019
-0.474,-0.05
-0.652,-0.16
-0.431,-0.025
-0.395,-0.042
-0.501,-0.077
-0.36,-0.021
-0.636,-0.119
-0.499,-0.091
-0.726,-0.185
-0.736,-0.175
-0.731,-0.22
-0.593,-0.14
-0.446,-0.039
-0.492,-0.051
-0.038,0.165
-0.173,0.053
-0.446,-0.051
-0.436,-0.041
-0.389,-0.042
-0.319,0.016
-0.443,-0.037
-0.567,-0.136
-0.452,-0.101
-0.438,-0.05
-0.508,-0.099
-0.708,-0.191
-0.739,-0.227
-0.713,-0.142
-0.68,-0.233
-0.701,-0.151
-0.638,-0.138
-0.658,-0.158
-0.396,0.007
-0.483,-0.055
-0.35,-0.016
-0.13,0.104
-0.369,-0.013
-0.607,-0.164
-0.598,-0.111
-0.616,-0.223
-0.744,-0.18
-0.62,-0.154
-0.709,-0.168
-0.452,-0.051
-0.57,-0.125
-0.609,-0.118
-0.504,-0.044
-0.608,-0.115
-0.191,0.098
-0.493,-0.069
-0.649,-0.165
-0.594,-0.122
-0.638,-0.16
-0.634,-0.126
-0.605,-0.119
-0.313,0.006
-0.575,-0.101
-0.618,-0.135
-0.149,-0.02
-0.601,-0.117
-0.404,-0.095
-0.613,-0.152
-0.46,-0.05
-0.719,-0.17
-0.59,-0.105
-0.564,-0.098
-0.575,-0.187
-0.612,-0.141
-0.528,-0.098
-0.464,-0.073
-0.724,-0.193
-0.732,-0.183
-0.525,-0.13
-0.561,-0.122
-0.69,-0.207
-0.669,-0.148
-0.415,-0.032
-0.73,-0.18
-0.633,-0.135
-0.618,-0.173
-0.67,-0.165
-0.428,-0.037
-0.393,-0.07
-0.521,-0.077
-0.309,-0.039
-0.257,-0.001
-0.506,-0.094
-0.519,-0.123
-0.531,-0.096
-0.704,-0.174
-0.739,-0.205
-0.691,-0.161
-0.668,-0.207
-0.628,-0.128
-0.57,-0.139
-0.596,-0.179
-0.696,-0.224
-0.611,-0.092
-0.353,-0.023
-0.65,-0.134
-0.44,-0.027
-0.423,-0.048
-0.544,-0.114
-0.493,-0.077
-0.439,-0.036
-0.674,-0.138
-0.505,-0.099
-0.741,-0.156
-0.748,-0.193
-0.598,-0.144
-0.712,-0.169
-0.531,-0.106
-0.495,-0.066
-0.527,-0.086
-0.69,-0.205
-0.646,-0.176
-0.628,-0.186
-0.358,-0.016
-0.392,-0.065
-0.707,-0.196
-0.532,-0.096
-0.535,-0.168
-0.577,-0.136
-0.529,-0.095
-0.589,-0.104
-0.736,-0.213
-0.585,-0.108
-0.431,-0.044
-0.677,-0.183
-0.739,-0.233
-0.496,-0.102
-0.679,-0.143
-0.623,-0.142
-0.539,-0.174
-0.557,-0.157
-0.532,-0.058
-0.531,-0.079
-0.252,0.062
-0.57,-0.093
-0.62,-0.112
-0.743,-0.179
-0.699,-0.238
-0.698,-0.153
-0.693,-0.178
-0.545,-0.144
-0.367,-0.038
-0.584,-0.09
-0.709,-0.174
-0.751,-0.195
-0.558,-0.113
-0.547,-0.144
-0.703,-0.177
-0.644,-0.178
-0.635,-0.107
-0.545,-0.099
-0.556,-0.173
-0.378,-0.006
-0.616,-0.139
-0.132,0.086
-0.544,-0.058
-0.544,-0.138
-0.604,-0.113
-0.698,-0.165
-0.73,-0.17
-0.707,-0.257
-0.68,-0.21
-0.381,-0.022
-0.713,-0.204
-0.677,-0.17
-0.431,-0.073
-0.672,-0.162
-0.603,-0.108
-0.34,-0.011
-0.559,-0.111
-0.607,-0.133
-0.744,-0.233
-0.671,-0.152
-0.723,-0.184
-0.743,-0.205
-0.611,-0.158
-0.722,-0.201
-0.192,0.053
-0.157,0.087
-0.476,-0.055
-0.732,-0.198
-0.594,-0.114
-0.736,-0.178
-0.733,-0.228
-0.742,-0.224
-0.431,-0.051
-0.636,-0.18
-0.766,-0.212
-0.386,-0.046
-0.513,-0.063
-0.13,0.101
-0.474,-0.073
-0.601,-0.117
-0.6,-0.126
-0.747,-0.186
-0.717,-0.205
-0.413,-0.055
-0.745,-0.217
-0.642,-0.162
-0.665,-0.158
-0.761,-0.203
-0.731,-0.2
-0.705,-0.184
-0.658,-0.168
-0.673,-0.209
-0.741,-0.234
-0.73,-0.199
-0.507,-0.104
-0.535,-0.105
-0.743,-0.232
-0.217,0.084
-0.396,-0.015
-0.624,-0.136
-0.616,-0.114
-0.483,-0.025
-0.728,-0.171
-0.732,-0.182
-0.677,-0.192
-0.73,-0.211
-0.55,-0.085
-0.713,-0.194
-0.39,-0.039
-0.435,-0.037
-0.382,-0.025
-0.44,-0.105
-0.599,-0.142
-0.652,-0.14
-0.669,-0.187
-0.648,-0.122
-0.693,-0.187
-0.659,-0.196
-0.609,-0.117
-0.735,-0.178
-0.408,-0.023
-0.277,0.017
-0.534,-0.111
-0.715,-0.235
-0.351,-0.018
-0.548,-0.094
-0.326,0.023
-0.579,-0.097
-0.677,-0.155
-0.598,-0.127
-0.652,-0.193
-0.75,-0.238
-0.502,-0.083
-0.43,-0.072
-0.681,-0.171
-0.464,-0.082
-0.424,-0.127
-0.699,-0.198
-0.731,-0.198
-0.388,-0.033
-0.626,-0.143
-0.377,-0.039
-0.501,-0.069
-0.156,0.121
-0.533,-0.123
-0.387,-0.056
-0.432,-0.058
-0.42,-0.05
-0.366,-0.026
-0.684,-0.19
-0.503,-0.064
-0.579,-0.136
-0.548,-0.086
-0.73,-0.171
-0.621,-0.148
-0.738,-0.216
-0.707,-0.173
-0.762,-0.201
-0.75,-0.206
-0.659,-0.149
-0.518,-0.151
-0.321,-0.048
-0.566,-0.11
-0.719,-0.209
-0.627,-0.16
-0.78,-0.214
-0.57,-0.098
-0.612,-0.12
-0.522,-0.065
-0.611,-0.137
-0.741,-0.214
-0.773,-0.247
-0.491,-0.09
-0.761,-0.21
-0.524,-0.087
-0.727,-0.219
-0.522,-0.056
-0.724,-0.195
-0.646,-0.15
-0.586,-0.13
-0.255,0.018
-0.67,-0.147
-0.673,-0.153
